{
    "0": {
        "GKOV": -0.0450296,
        "Hist": -14597.2
    },
    "1": {
        "GKOV": -0.0550798,
        "Hist": -14583.5
    },
    "2": {
        "GKOV": -0.0443991,
        "Hist": -14677.4
    },
    "3": {
        "GKOV": -0.0378287,
        "Hist": -14639.0
    },
    "4": {
        "GKOV": -0.0510715,
        "Hist": -14700.4
    },
    "5": {
        "GKOV": -0.0368436,
        "Hist": -14725.2
    },
    "6": {
        "GKOV": -0.0447305,
        "Hist": -14603.1
    },
    "7": {
        "GKOV": -0.0443942,
        "Hist": -14582.7
    },
    "8": {
        "GKOV": -0.0442826,
        "Hist": -14614.6
    },
    "9": {
        "GKOV": -0.0462617,
        "Hist": -14622.6
    },
    "10": {
        "GKOV": -0.0421259,
        "Hist": -14621.3
    },
    "11": {
        "GKOV": -0.0422963,
        "Hist": -14573.0
    },
    "12": {
        "GKOV": -0.0480421,
        "Hist": -14586.5
    },
    "13": {
        "GKOV": -0.0588746,
        "Hist": -14650.4
    },
    "14": {
        "GKOV": -0.0358128,
        "Hist": -14698.4
    },
    "15": {
        "GKOV": -0.0465472,
        "Hist": -14713.5
    },
    "16": {
        "GKOV": -0.0515269,
        "Hist": -14608.5
    },
    "17": {
        "GKOV": -0.032523,
        "Hist": -14595.4
    },
    "18": {
        "GKOV": -0.049414,
        "Hist": -14674.2
    },
    "19": {
        "GKOV": -0.047718,
        "Hist": -14730.5
    },
    "20": {
        "GKOV": -0.0385399,
        "Hist": -14689.9
    },
    "21": {
        "GKOV": -0.0421783,
        "Hist": -14651.6
    },
    "22": {
        "GKOV": -0.0411039,
        "Hist": -14609.2
    },
    "23": {
        "GKOV": -0.0402767,
        "Hist": -14633.3
    },
    "24": {
        "GKOV": -0.0409392,
        "Hist": -14693.9
    },
    "25": {
        "GKOV": -0.0412576,
        "Hist": -14691.3
    },
    "26": {
        "GKOV": -0.0405502,
        "Hist": -14631.8
    },
    "27": {
        "GKOV": -0.0536562,
        "Hist": -14628.5
    },
    "28": {
        "GKOV": -0.0525637,
        "Hist": -14610.7
    },
    "29": {
        "GKOV": -0.0375206,
        "Hist": -14635.4
    },
    "30": {
        "GKOV": -0.0459108,
        "Hist": -14571.6
    },
    "31": {
        "GKOV": -0.0465619,
        "Hist": -14703.7
    },
    "32": {
        "GKOV": -0.0472792,
        "Hist": -14672.4
    },
    "33": {
        "GKOV": -0.0374285,
        "Hist": -14687.7
    },
    "34": {
        "GKOV": -0.0480635,
        "Hist": -14596.9
    },
    "35": {
        "GKOV": -0.0508251,
        "Hist": -14628.6
    },
    "36": {
        "GKOV": -0.047632,
        "Hist": -14660.8
    },
    "37": {
        "GKOV": -0.0478264,
        "Hist": -14581.1
    },
    "38": {
        "GKOV": -0.0412935,
        "Hist": -14806.9
    },
    "39": {
        "GKOV": -0.0485301,
        "Hist": -14580.2
    },
    "40": {
        "GKOV": -0.0430972,
        "Hist": -14626.7
    },
    "41": {
        "GKOV": -0.0494672,
        "Hist": -14625.7
    },
    "42": {
        "GKOV": -0.0365888,
        "Hist": -14731.0
    },
    "43": {
        "GKOV": -0.0462746,
        "Hist": -14581.4
    },
    "44": {
        "GKOV": -0.0337383,
        "Hist": -14780.7
    },
    "45": {
        "GKOV": -0.0453447,
        "Hist": -14685.9
    },
    "46": {
        "GKOV": -0.0531746,
        "Hist": -14703.3
    },
    "47": {
        "GKOV": -0.0363779,
        "Hist": -14643.8
    },
    "48": {
        "GKOV": -0.0404135,
        "Hist": -14710.1
    },
    "49": {
        "GKOV": -0.0381653,
        "Hist": -14671.4
    },
    "50": {
        "GKOV": -0.0415724,
        "Hist": -14529.1
    },
    "51": {
        "GKOV": -0.0451994,
        "Hist": -14710.2
    },
    "52": {
        "GKOV": -0.0498232,
        "Hist": -14605.0
    },
    "53": {
        "GKOV": -0.0511115,
        "Hist": -14724.6
    },
    "54": {
        "GKOV": -0.038748,
        "Hist": -14740.2
    },
    "55": {
        "GKOV": -0.0501615,
        "Hist": -14710.6
    },
    "56": {
        "GKOV": -0.0459962,
        "Hist": -14576.1
    },
    "57": {
        "GKOV": -0.056229,
        "Hist": -14667.9
    },
    "58": {
        "GKOV": -0.0376485,
        "Hist": -14683.4
    },
    "59": {
        "GKOV": -0.0564698,
        "Hist": -14654.1
    },
    "60": {
        "GKOV": -0.0492892,
        "Hist": -14704.3
    },
    "61": {
        "GKOV": -0.0443745,
        "Hist": -14565.5
    },
    "62": {
        "GKOV": -0.0492087,
        "Hist": -14605.3
    },
    "63": {
        "GKOV": -0.0425295,
        "Hist": -14621.3
    },
    "64": {
        "GKOV": -0.0478169,
        "Hist": -14637.0
    },
    "65": {
        "GKOV": -0.0443687,
        "Hist": -14652.9
    },
    "66": {
        "GKOV": -0.0351088,
        "Hist": -14692.3
    },
    "67": {
        "GKOV": -0.0230408,
        "Hist": -14695.2
    },
    "68": {
        "GKOV": -0.0390201,
        "Hist": -14796.3
    },
    "69": {
        "GKOV": -0.0472072,
        "Hist": -14659.7
    },
    "70": {
        "GKOV": -0.035295,
        "Hist": -14673.8
    },
    "71": {
        "GKOV": -0.0419002,
        "Hist": -14710.2
    },
    "72": {
        "GKOV": -0.04506,
        "Hist": -14631.2
    },
    "73": {
        "GKOV": -0.0479939,
        "Hist": -14711.3
    },
    "74": {
        "GKOV": -0.0392619,
        "Hist": -14609.0
    },
    "75": {
        "GKOV": -0.0511666,
        "Hist": -14708.8
    },
    "76": {
        "GKOV": -0.0457647,
        "Hist": -14656.7
    },
    "77": {
        "GKOV": -0.0399345,
        "Hist": -14613.8
    },
    "78": {
        "GKOV": -0.047428,
        "Hist": -14753.6
    },
    "79": {
        "GKOV": -0.0459616,
        "Hist": -14677.8
    },
    "80": {
        "GKOV": -0.0533205,
        "Hist": -14638.4
    },
    "81": {
        "GKOV": -0.0474947,
        "Hist": -14710.4
    },
    "82": {
        "GKOV": -0.0370412,
        "Hist": -14626.9
    },
    "83": {
        "GKOV": -0.04128,
        "Hist": -14664.3
    },
    "84": {
        "GKOV": -0.0529382,
        "Hist": -14686.5
    },
    "85": {
        "GKOV": -0.0445693,
        "Hist": -14642.3
    },
    "86": {
        "GKOV": -0.0570773,
        "Hist": -14747.5
    },
    "87": {
        "GKOV": -0.0475716,
        "Hist": -14606.2
    },
    "88": {
        "GKOV": -0.047174,
        "Hist": -14765.2
    },
    "89": {
        "GKOV": -0.0414032,
        "Hist": -14702.6
    },
    "90": {
        "GKOV": -0.0492488,
        "Hist": -14649.7
    },
    "91": {
        "GKOV": -0.0405284,
        "Hist": -14598.7
    },
    "92": {
        "GKOV": -0.0405118,
        "Hist": -14699.7
    },
    "93": {
        "GKOV": -0.0495283,
        "Hist": -14606.1
    },
    "94": {
        "GKOV": -0.0439826,
        "Hist": -14736.3
    },
    "95": {
        "GKOV": -0.0346025,
        "Hist": -14746.4
    },
    "96": {
        "GKOV": -0.0495851,
        "Hist": -14655.3
    },
    "97": {
        "GKOV": -0.0432122,
        "Hist": -14613.3
    },
    "98": {
        "GKOV": -0.0435012,
        "Hist": -14653.9
    },
    "99": {
        "GKOV": -0.0474439,
        "Hist": -14563.0
    },
    "100": {
        "GKOV": -0.0426484,
        "Hist": -14609.1
    },
    "101": {
        "GKOV": -0.0490544,
        "Hist": -14651.3
    },
    "102": {
        "GKOV": -0.0447279,
        "Hist": -14678.3
    },
    "103": {
        "GKOV": -0.0456178,
        "Hist": -14703.7
    },
    "104": {
        "GKOV": -0.039951,
        "Hist": -14710.6
    },
    "105": {
        "GKOV": -0.0487399,
        "Hist": -14547.0
    },
    "106": {
        "GKOV": -0.05028,
        "Hist": -14691.2
    },
    "107": {
        "GKOV": -0.0419604,
        "Hist": -14691.2
    },
    "108": {
        "GKOV": -0.0460892,
        "Hist": -14643.9
    },
    "109": {
        "GKOV": -0.047183,
        "Hist": -14790.0
    },
    "110": {
        "GKOV": -0.0405314,
        "Hist": -14541.8
    },