{
    "0": {
        "GKOV": -0.0776223,
        "Hist": -3529.35
    },
    "1": {
        "GKOV": -0.0676161,
        "Hist": -3500.37
    },
    "2": {
        "GKOV": -0.063241,
        "Hist": -3537.81
    },
    "3": {
        "GKOV": -0.0651222,
        "Hist": -3527.24
    },
    "4": {
        "GKOV": -0.0728211,
        "Hist": -3521.68
    },
    "5": {
        "GKOV": -0.0666162,
        "Hist": -3496.4
    },
    "6": {
        "GKOV": -0.0550548,
        "Hist": -3546.41
    },
    "7": {
        "GKOV": -0.0678846,
        "Hist": -3534.8
    },
    "8": {
        "GKOV": -0.0641171,
        "Hist": -3546.26
    },
    "9": {
        "GKOV": -0.049873,
        "Hist": -3530.67
    },
    "10": {
        "GKOV": -0.067609,
        "Hist": -3562.35
    },
    "11": {
        "GKOV": -0.0520956,
        "Hist": -3542.75
    },
    "12": {
        "GKOV": -0.0539897,
        "Hist": -3559.23
    },
    "13": {
        "GKOV": -0.0599313,
        "Hist": -3558.59
    },
    "14": {
        "GKOV": -0.0685726,
        "Hist": -3506.25
    },
    "15": {
        "GKOV": -0.0726807,
        "Hist": -3525.27
    },
    "16": {
        "GKOV": -0.0590375,
        "Hist": -3552.86
    },
    "17": {
        "GKOV": -0.061017,
        "Hist": -3560.27
    },
    "18": {
        "GKOV": -0.0744286,
        "Hist": -3535.9
    },
    "19": {
        "GKOV": -0.0695183,
        "Hist": -3524.23
    },
    "20": {
        "GKOV": -0.0600676,
        "Hist": -3508.17
    },
    "21": {
        "GKOV": -0.051821,
        "Hist": -3539.3
    },
    "22": {
        "GKOV": -0.0581049,
        "Hist": -3525.15
    },
    "23": {
        "GKOV": -0.0522828,
        "Hist": -3545.48
    },
    "24": {
        "GKOV": -0.0775617,
        "Hist": -3517.83
    },
    "25": {
        "GKOV": -0.0688115,
        "Hist": -3521.74
    },
    "26": {
        "GKOV": -0.0542042,
        "Hist": -3552.57
    },
    "27": {
        "GKOV": -0.0655302,
        "Hist": -3553.94
    },
    "28": {
        "GKOV": -0.0716306,
        "Hist": -3531.29
    },
    "29": {
        "GKOV": -0.0717228,
        "Hist": -3539.9
    },
    "30": {
        "GKOV": -0.0686457,
        "Hist": -3552.3
    },
    "31": {
        "GKOV": -0.0590994,
        "Hist": -3522.12
    },
    "32": {
        "GKOV": -0.0723401,
        "Hist": -3525.87
    },
    "33": {
        "GKOV": -0.0575925,
        "Hist": -3511.29
    },
    "34": {
        "GKOV": -0.0556371,
        "Hist": -3534.21
    },
    "35": {
        "GKOV": -0.0499517,
        "Hist": -3566.65
    },
    "36": {
        "GKOV": -0.0578167,
        "Hist": -3551.74
    },
    "37": {
        "GKOV": -0.0657092,
        "Hist": -3555.64
    },
    "38": {
        "GKOV": -0.0677461,
        "Hist": -3535.38
    },
    "39": {
        "GKOV": -0.052027,
        "Hist": -3520.78
    },
    "40": {
        "GKOV": -0.0681871,
        "Hist": -3529.41
    },
    "41": {
        "GKOV": -0.0666783,
        "Hist": -3551.16
    },
    "42": {
        "GKOV": -0.052042,
        "Hist": -3518.61
    },
    "43": {
        "GKOV": -0.0640802,
        "Hist": -3538.37
    },
    "44": {
        "GKOV": -0.0635844,
        "Hist": -3516.12
    },
    "45": {
        "GKOV": -0.0568949,
        "Hist": -3498.71
    },
    "46": {
        "GKOV": -0.0596787,
        "Hist": -3525.98
    },
    "47": {
        "GKOV": -0.0609737,
        "Hist": -3521.89
    },
    "48": {
        "GKOV": -0.0645959,
        "Hist": -3528.27
    },
    "49": {
        "GKOV": -0.0665103,
        "Hist": -3542.52
    },
    "50": {
        "GKOV": -0.0655943,
        "Hist": -3535.05
    },
    "51": {
        "GKOV": -0.0604616,
        "Hist": -3565.21
    },
    "52": {
        "GKOV": -0.0624641,
        "Hist": -3530.72
    },
    "53": {
        "GKOV": -0.0545698,
        "Hist": -3541.23
    },
    "54": {
        "GKOV": -0.0648855,
        "Hist": -3513.48
    },
    "55": {
        "GKOV": -0.0637451,
        "Hist": -3513.88
    },
    "56": {
        "GKOV": -0.0717431,
        "Hist": -3515.09
    },
    "57": {
        "GKOV": -0.0609181,
        "Hist": -3537.06
    },
    "58": {
        "GKOV": -0.0689386,
        "Hist": -3524.75
    },
    "59": {
        "GKOV": -0.0673979,
        "Hist": -3517.42
    },
    "60": {
        "GKOV": -0.0744378,
        "Hist": -3522.3
    },
    "61": {
        "GKOV": -0.0486862,
        "Hist": -3507.01
    },
    "62": {
        "GKOV": -0.0628574,
        "Hist": -3530.39
    },
    "63": {
        "GKOV": -0.0598538,
        "Hist": -3527.21
    },
    "64": {
        "GKOV": -0.0588932,
        "Hist": -3536.21
    },
    "65": {
        "GKOV": -0.0564102,
        "Hist": -3569.33
    },
    "66": {
        "GKOV": -0.0611732,
        "Hist": -3531.95
    },
    "67": {
        "GKOV": -0.0684683,
        "Hist": -3542.67
    },
    "68": {
        "GKOV": -0.0641789,
        "Hist": -3520.04
    },
    "69": {
        "GKOV": -0.0739383,
        "Hist": -3532.76
    },
    "70": {
        "GKOV": -0.0598299,
        "Hist": -3552.6
    },
    "71": {
        "GKOV": -0.066539,
        "Hist": -3514.94
    },
    "72": {
        "GKOV": -0.0803834,
        "Hist": -3520.96
    },
    "73": {
        "GKOV": -0.0609392,
        "Hist": -3525.25
    },
    "74": {
        "GKOV": -0.0662835,
        "Hist": -3529.3
    },
    "75": {
        "GKOV": -0.0510995,
        "Hist": -3534.81
    },
    "76": {
        "GKOV": -0.0692277,
        "Hist": -3531.12
    },
    "77": {
        "GKOV": -0.055028,
        "Hist": -3553.73
    },
    "78": {
        "GKOV": -0.0723728,
        "Hist": -3521.43
    },
    "79": {
        "GKOV": -0.0663826,
        "Hist": -3522.93
    },
    "80": {
        "GKOV": -0.0605463,
        "Hist": -3545.67
    },
    "81": {
        "GKOV": -0.064555,
        "Hist": -3563.41
    },
    "82": {
        "GKOV": -0.0667838,
        "Hist": -3514.29
    },
    "83": {
        "GKOV": -0.0708103,
        "Hist": -3531.02
    },
    "84": {
        "GKOV": -0.0655754,
        "Hist": -3522.46
    },
    "85": {
        "GKOV": -0.0701288,
        "Hist": -3523.82
    },
    "86": {
        "GKOV": -0.0516845,
        "Hist": -3543.39
    },
    "87": {
        "GKOV": -0.0504155,
        "Hist": -3547.55
    },
    "88": {
        "GKOV": -0.0628949,
        "Hist": -3532.38
    },
    "89": {
        "GKOV": -0.069934,
        "Hist": -3527.46
    },
    "90": {
        "GKOV": -0.0531363,
        "Hist": -3526.46
    },
    "91": {
        "GKOV": -0.05979,
        "Hist": -3541.48
    },
    "92": {
        "GKOV": -0.0625761,
        "Hist": -3520.88
    },
    "93": {
        "GKOV": -0.0646168,
        "Hist": -3511.03
    },
    "94": {
        "GKOV": -0.0704764,
        "Hist": -3535.31
    },
    "95": {
        "GKOV": -0.0624657,
        "Hist": -3521.95
    },
    "96": {
        "GKOV": -0.062601,
        "Hist": -3536.1
    },
    "97": {
        "GKOV": -0.0733626,
        "Hist": -3530.17
    },
    "98": {
        "GKOV": -0.0736899,
        "Hist": -3542.01
    },
    "99": {
        "GKOV": -0.0711695,
        "Hist": -3524.15
    },
    "100": {
        "GKOV": -0.0663024,
        "Hist": -3546.25
    },
    "101": {
        "GKOV": -0.0603042,
        "Hist": -3556.84
    },
    "102": {
        "GKOV": -0.0560634,
        "Hist": -3509.25
    },
    "103": {
        "GKOV": -0.0704048,
        "Hist": -3536.19
    },
    "104": {
        "GKOV": -0.0772774,
        "Hist": -3527.49
    },
    "105": {
        "GKOV": -0.0667305,
        "Hist": -3533.16
    },
    "106": {
        "GKOV": -0.0759373,
        "Hist": -3532.25
    },
    "107": {
        "GKOV": -0.0527401,
        "Hist": -3530.85
    },
    "108": {
        "GKOV": -0.0713172,
        "Hist": -3509.37
    },
    "109": {
        "GKOV": -0.0665678,
        "Hist": -3539.47
    },
    "110": {
        "GKOV": -0.0550766,
        "Hist": -3563.57
    },