{
    "0": {
        "GKOV": -0.0692376,
        "Hist": -7271.81
    },
    "1": {
        "GKOV": -0.0556672,
        "Hist": -7211.08
    },
    "2": {
        "GKOV": -0.0663849,
        "Hist": -7235.98
    },
    "3": {
        "GKOV": -0.056742,
        "Hist": -7207.69
    },
    "4": {
        "GKOV": -0.0694797,
        "Hist": -7124.59
    },
    "5": {
        "GKOV": -0.0712268,
        "Hist": -7178.99
    },
    "6": {
        "GKOV": -0.057861,
        "Hist": -7270.3
    },
    "7": {
        "GKOV": -0.0530187,
        "Hist": -7252.71
    },
    "8": {
        "GKOV": -0.060923,
        "Hist": -7188.42
    },
    "9": {
        "GKOV": -0.0651799,
        "Hist": -7194.95
    },
    "10": {
        "GKOV": -0.0750013,
        "Hist": -7183.7
    },
    "11": {
        "GKOV": -0.0709566,
        "Hist": -7157.09
    },
    "12": {
        "GKOV": -0.0601597,
        "Hist": -7244.68
    },
    "13": {
        "GKOV": -0.0662052,
        "Hist": -7233.54
    },
    "14": {
        "GKOV": -0.0632752,
        "Hist": -7142.35
    },
    "15": {
        "GKOV": -0.0626348,
        "Hist": -7112.37
    },
    "16": {
        "GKOV": -0.0527162,
        "Hist": -7245.31
    },
    "17": {
        "GKOV": -0.0640079,
        "Hist": -7246.4
    },
    "18": {
        "GKOV": -0.0706573,
        "Hist": -7162.3
    },
    "19": {
        "GKOV": -0.0695777,
        "Hist": -7172.46
    },
    "20": {
        "GKOV": -0.0648895,
        "Hist": -7257.63
    },
    "21": {
        "GKOV": -0.0603393,
        "Hist": -7197.72
    },
    "22": {
        "GKOV": -0.0722481,
        "Hist": -7180.33
    },
    "23": {
        "GKOV": -0.0709436,
        "Hist": -7215.61
    },
    "24": {
        "GKOV": -0.0702347,
        "Hist": -7166.33
    },
    "25": {
        "GKOV": -0.0671895,
        "Hist": -7141.51
    },
    "26": {
        "GKOV": -0.0602026,
        "Hist": -7265.31
    },
    "27": {
        "GKOV": -0.057103,
        "Hist": -7232.21
    },
    "28": {
        "GKOV": -0.059574,
        "Hist": -7215.57
    },
    "29": {
        "GKOV": -0.0591302,
        "Hist": -7230.04
    },
    "30": {
        "GKOV": -0.0570071,
        "Hist": -7135.98
    },
    "31": {
        "GKOV": -0.0486668,
        "Hist": -7210.08
    },
    "32": {
        "GKOV": -0.0569087,
        "Hist": -7162.67
    },
    "33": {
        "GKOV": -0.0636353,
        "Hist": -7218.25
    },
    "34": {
        "GKOV": -0.0670661,
        "Hist": -7197.25
    },
    "35": {
        "GKOV": -0.061703,
        "Hist": -7224.11
    },
    "36": {
        "GKOV": -0.0658749,
        "Hist": -7184.61
    },
    "37": {
        "GKOV": -0.0631021,
        "Hist": -7203.52
    },
    "38": {
        "GKOV": -0.0634573,
        "Hist": -7143.73
    },
    "39": {
        "GKOV": -0.0547877,
        "Hist": -7121.9
    },
    "40": {
        "GKOV": -0.0596724,
        "Hist": -7216.43
    },
    "41": {
        "GKOV": -0.0457712,
        "Hist": -7268.69
    },
    "42": {
        "GKOV": -0.0725943,
        "Hist": -7183.39
    },
    "43": {
        "GKOV": -0.0594208,
        "Hist": -7156.06
    },
    "44": {
        "GKOV": -0.067043,
        "Hist": -7172.26
    },
    "45": {
        "GKOV": -0.0538471,
        "Hist": -7166.05
    },
    "46": {
        "GKOV": -0.0601753,
        "Hist": -7231.9
    },
    "47": {
        "GKOV": -0.0677508,
        "Hist": -7249.76
    },
    "48": {
        "GKOV": -0.0714256,
        "Hist": -7171.77
    },
    "49": {
        "GKOV": -0.0661375,
        "Hist": -7125.18
    },
    "50": {
        "GKOV": -0.0713412,
        "Hist": -7173.45
    },
    "51": {
        "GKOV": -0.0624337,
        "Hist": -7208.79
    },
    "52": {
        "GKOV": -0.0589819,
        "Hist": -7205.11
    },
    "53": {
        "GKOV": -0.0623996,
        "Hist": -7197.5
    },
    "54": {
        "GKOV": -0.072778,
        "Hist": -7183.29
    },
    "55": {
        "GKOV": -0.0522405,
        "Hist": -7138.69
    },
    "56": {
        "GKOV": -0.0592479,
        "Hist": -7200.98
    },
    "57": {
        "GKOV": -0.0616695,
        "Hist": -7266.63
    },
    "58": {
        "GKOV": -0.0676999,
        "Hist": -7171.56
    },
    "59": {
        "GKOV": -0.0686787,
        "Hist": -7176.65
    },
    "60": {
        "GKOV": -0.0612485,
        "Hist": -7169.96
    },
    "61": {
        "GKOV": -0.065742,
        "Hist": -7172.74
    },
    "62": {
        "GKOV": -0.0605111,
        "Hist": -7184.88
    },
    "63": {
        "GKOV": -0.0516064,
        "Hist": -7242.89
    },
    "64": {
        "GKOV": -0.06633,
        "Hist": -7190.94
    },
    "65": {
        "GKOV": -0.0515374,
        "Hist": -7209.05
    },
    "66": {
        "GKOV": -0.0724748,
        "Hist": -7178.38
    },
    "67": {
        "GKOV": -0.0586619,
        "Hist": -7165.15
    },
    "68": {
        "GKOV": -0.0718994,
        "Hist": -7145.48
    },
    "69": {
        "GKOV": -0.0679235,
        "Hist": -7137.41
    },
    "70": {
        "GKOV": -0.0738052,
        "Hist": -7204.37
    },
    "71": {
        "GKOV": -0.0569979,
        "Hist": -7260.86
    },
    "72": {
        "GKOV": -0.0659116,
        "Hist": -7201.31
    },
    "73": {
        "GKOV": -0.0687079,
        "Hist": -7179.94
    },
    "74": {
        "GKOV": -0.0600438,
        "Hist": -7193.78
    },
    "75": {
        "GKOV": -0.054081,
        "Hist": -7255.84
    },
    "76": {
        "GKOV": -0.0562863,
        "Hist": -7229.59
    },
    "77": {
        "GKOV": -0.0634805,
        "Hist": -7197.98
    },
    "78": {
        "GKOV": -0.0661703,
        "Hist": -7188.39
    },
    "79": {
        "GKOV": -0.0694164,
        "Hist": -7178.62
    },
    "80": {
        "GKOV": -0.0578021,
        "Hist": -7203.28
    },
    "81": {
        "GKOV": -0.058505,
        "Hist": -7214.98
    },
    "82": {
        "GKOV": -0.0648995,
        "Hist": -7163.55
    },
    "83": {
        "GKOV": -0.0700586,
        "Hist": -7158.96
    },
    "84": {
        "GKOV": -0.0692132,
        "Hist": -7162.21
    },
    "85": {
        "GKOV": -0.0607693,
        "Hist": -7168.0
    },
    "86": {
        "GKOV": -0.0630362,
        "Hist": -7162.12
    },
    "87": {
        "GKOV": -0.0633792,
        "Hist": -7159.15
    },
    "88": {
        "GKOV": -0.0676516,
        "Hist": -7137.74
    },
    "89": {
        "GKOV": -0.074277,
        "Hist": -7170.33
    },
    "90": {
        "GKOV": -0.0644524,
        "Hist": -7240.91
    },
    "91": {
        "GKOV": -0.0631902,
        "Hist": -7251.03
    },
    "92": {
        "GKOV": -0.0560195,
        "Hist": -7231.9
    },
    "93": {
        "GKOV": -0.0478434,
        "Hist": -7243.75
    },
    "94": {
        "GKOV": -0.0690963,
        "Hist": -7170.94
    },
    "95": {
        "GKOV": -0.06653,
        "Hist": -7170.93
    },
    "96": {
        "GKOV": -0.0691691,
        "Hist": -7181.8
    },
    "97": {
        "GKOV": -0.0571631,
        "Hist": -7210.86
    },
    "98": {
        "GKOV": -0.071294,
        "Hist": -7169.01
    },
    "99": {
        "GKOV": -0.0691123,
        "Hist": -7230.44
    },
    "100": {
        "GKOV": -0.0522681,
        "Hist": -7254.25
    },
    "101": {
        "GKOV": -0.0539408,
        "Hist": -7265.04
    },
    "102": {
        "GKOV": -0.0688974,
        "Hist": -7156.27
    },
    "103": {
        "GKOV": -0.0688445,
        "Hist": -7189.67
    },
    "104": {
        "GKOV": -0.0747568,
        "Hist": -7211.68
    },
    "105": {
        "GKOV": -0.0709736,
        "Hist": -7185.36
    },
    "106": {
        "GKOV": -0.0688529,
        "Hist": -7189.66
    },
    "107": {
        "GKOV": -0.0684674,
        "Hist": -7203.64
    },
    "108": {
        "GKOV": -0.053272,
        "Hist": -7145.33
    },
    "109": {
        "GKOV": -0.0721302,
        "Hist": -7192.45
    },
    "110": {
        "GKOV": -0.0659829,
        "Hist": -7254.8
    },